package_name,item,type,size,brand,design_front,design_back,print_file_node
RJ-55592-23622-F1,5071404_1,B_BALL_JACKET_19,2XL,AN,https://merchize-artworks.s3.us-west-1.amazonaws.com/zoicy1l/artworks/68400baf6581cb594f5ed65c/25/06/b9xkoch7f3.jpeg?AWSAccessKeyId=AKIAWYYRKM2QFT2QVQH3&Expires=1765448880&Signature=CE09vN%2FeP2u2vZWhX%2Bhej%2FYTgYo%3D,,https://d2g2orozxij1wh.cloudfront.net/13-09-25/a962c843/5071404_1.tif
RJ-56995-76672-F1,5182880_2,B_BALL_JACKET_19,3XL,,https://merchize-artworks.s3.us-west-1.amazonaws.com/zoicy1l/artworks/68888e2e8fa3d547d181f081/25/07/8cskpmhfc7.jpeg?AWSAccessKeyId=AKIAWYYRKM2QFT2QVQH3&Expires=1765445879&Signature=L48PBq%2BDaaNoY6TW0oNarH4Xx5E%3D,,https://d2g2orozxij1wh.cloudfront.net/13-09-25/2f01154e/5182880_2.tif
RQ-34634-62949-F1,5161708_1,B_BALL_JACKET_19,L,ANIME 3,https://merchize-artworks.s3.us-west-1.amazonaws.com/dyfeenf/artworks/670a65f197f0454b127dac7f/24/10/5435ed07fbd741cd80157eb7ea6a1987-back.png?AWSAccessKeyId=AKIAWYYRKM2QFT2QVQH3&Expires=1765446501&Signature=bGfkL6si8cuiGjE4Oz99JpHy0No%3D,,https://d2g2orozxij1wh.cloudfront.net/13-09-25/3e309f99/5161708_1.tif
RY-63233-65395-F1,5156929_1,B_BALL_JACKET_19,L,AN,https://merchize-artworks.s3.us-west-1.amazonaws.com/zoicy1l/artworks/68776ab443ac2772ef964a2c/25/07/imc9vmazbm.jpeg?AWSAccessKeyId=AKIAWYYRKM2QFT2QVQH3&Expires=1765446737&Signature=AXeC6xV%2ByJAg5erbaZV6oQWaR%2FI%3D,,https://d2g2orozxij1wh.cloudfront.net/13-09-25/61cfcb27/5156929_1.tif
RP-34682-56399-F1,5226921_1,B_BALL_JACKET_19,S,,https://merchize-artworks.s3.us-west-1.amazonaws.com/won6y9u/artworks/68a54732a0d2892b46287823/order-items/68a54734a0d2891bac287880/25/08/uqta91p0yu.png?AWSAccessKeyId=AKIAWYYRKM2QFT2QVQH3&Expires=1765444563&Signature=wAQQ%2B%2Folnyb%2Bps9QDumPq0ZzKfM%3D,,https://d2g2orozxij1wh.cloudfront.net/13-09-25/3247aa7a/5226921_1.tif
RX-23744-34483-F1,5103253_1,B_BALL_JACKET_19,XL,,https://merchize-artworks.s3.us-west-1.amazonaws.com/zoicy1l/artworks/68528959cecf45b30d403483/25/06/uqirbhgqpj.jpeg?AWSAccessKeyId=AKIAWYYRKM2QFT2QVQH3&Expires=1765446270&Signature=Vc%2BQn2YikB8zGE4NpM3eOdlfT5A%3D,,https://d2g2orozxij1wh.cloudfront.net/13-09-25/f59769e7/5103253_1.tif
RV-95323-68828-F1,5112760_1,B_BALL_JACKET_19,XL,ANIME 3,https://merchize-artworks.s3.us-west-1.amazonaws.com/dyfeenf/artworks/6741708e4e4c51929e864fb5/25/01/663ee457f90d4d3c93d51d4b99f8d688-back.png?AWSAccessKeyId=AKIAWYYRKM2QFT2QVQH3&Expires=1765447393&Signature=nXx5hXaaVVSTsz9%2FhRajP%2BpS59I%3D,,https://d2g2orozxij1wh.cloudfront.net/13-09-25/16518cb4/5112760_1.tif
RE-87849-84736-F1,5137737_1,BASEBALL_CAP_13,One size,,https://merchize-artworks.s3.us-west-1.amazonaws.com/xd9rlit/artworks/68368ff3e3d24db8b0939958/order-items/68678276d03df937ab1fb800/25/07/t7rdtiosvzj.png?AWSAccessKeyId=AKIAWYYRKM2QFT2QVQH3&Expires=1765447263&Signature=79IJyuWMdpIlDrq8Ro%2BMf1J1NQ4%3D,,https://d2g2orozxij1wh.cloudfront.net/13-09-25/c3e8e9c4/5137737_1.tif
RG-32935-94973-F1,5037657_1,BASEBALL_CAP_13,One size,,https://merchize-artworks.s3.us-west-1.amazonaws.com/h4f8dlz/artworks/682d55883728a1dae901e270/25/05/4d68dnx5o2.jpeg?AWSAccessKeyId=AKIAWYYRKM2QFT2QVQH3&Expires=1765449304&Signature=gwF6SBAk%2B3mAaL%2FdpYruOopDdCA%3D,,https://d2g2orozxij1wh.cloudfront.net/13-09-25/aa3b26f7/5037657_1.tif
RV-62848-69849-F1,5218753_1,CLOAK_18,M,,https://merchize-artworks.s3.us-west-1.amazonaws.com/dyfeenf/artworks/636b6c7c60332ba80da357a4/22/11/1667987727718-c23e4e5c-6b40-42ef-a0b6-a77ff1e1136a.png?AWSAccessKeyId=AKIAWYYRKM2QFT2QVQH3&Expires=1765445116&Signature=%2B7mQIAKKf%2F46Q8%2F87z%2FaGDXae%2F8%3D,,https://d2g2orozxij1wh.cloudfront.net/13-09-25/03659cb2/5218753_1.tif
RJ-45422-24763-F1,5166046_1,DOORMAT_30,15x25,,https://merchize-artworks.s3.us-west-1.amazonaws.com/ceqfgr8/artworks/687e0b63e43554de058bc201/25/07/1ifvh18p6j.jpeg?AWSAccessKeyId=AKIAWYYRKM2QFT2QVQH3&Expires=1765446779&Signature=j4%2F2mBYOlgKFE2G%2BTsYa6LFhrt8%3D,,https://d2g2orozxij1wh.cloudfront.net/13-09-25/d25da27c/5166046_1.tif
RN-65594-23975-F1,5140112_1,DOUB_SPO_SHO_17,S,,https://merchize-artworks.s3.us-west-1.amazonaws.com/dyfeenf/artworks/67280faf055379f6722f8f15/24/11/1730727054012-964fce58-4720-4dd3-88a8-8c44ceb3aa6d.png?AWSAccessKeyId=AKIAWYYRKM2QFT2QVQH3&Expires=1765447015&Signature=8OS8z1s%2FpnO0WZ8eeigIly%2BwvGg%3D,,https://d2g2orozxij1wh.cloudfront.net/13-09-25/e61c0825/5140112_1.tif
RP-34965-37345-F1,5169327_1,F_BALL_JERS_17,L,,https://merchize-artworks.s3.us-west-1.amazonaws.com/kugu3lc/artworks/687f5df05421dfecac563461/order-items/687f5df45421df1c8c5635f5/25/07/58gftokdj4w.png?AWSAccessKeyId=AKIAWYYRKM2QFT2QVQH3&Expires=1765446694&Signature=MOT71bca5drMEjTEBM%2FJGS%2BwFlU%3D,,https://d2g2orozxij1wh.cloudfront.net/13-09-25/2ff875d0/5169327_1.tif
RG-66334-82388-F1,5146187_1,F_BALL_JERS_17,M,,https://merchize-artworks.s3.us-west-1.amazonaws.com/5iz9q56/artworks/683fb9e42c07958cb035620c/order-items/686f7fdf643afa48f1b11881/25/07/obx6ni029eb.png?AWSAccessKeyId=AKIAWYYRKM2QFT2QVQH3&Expires=1764322987&Signature=%2FZ%2FRGjVXebaIxeRPNWOwSFUOXPM%3D,,https://d2g2orozxij1wh.cloudfront.net/13-09-25/c12235ab/5146187_1.tif
RE-88556-94544-F1,5242329_1,F_BALL_JERS_17,S,,https://merchize-artworks.s3.us-west-1.amazonaws.com/92pzik2/artworks/68afbc182bfd2d21c942af84/25/08/vmeb0n1ihu.jpeg?AWSAccessKeyId=AKIAWYYRKM2QFT2QVQH3&Expires=1765444199&Signature=Jfs8xRYEqBjYoRUE3mXu0D0H5m0%3D,,https://d2g2orozxij1wh.cloudfront.net/13-09-25/59f0c9db/5242329_1.tif
RG-35262-75697-F1,5093142_2,F_BALL_JERS_17,S,,https://merchize-artworks.s3.us-west-1.amazonaws.com/won6y9u/artworks/684bb87f375b50ee01aeced5/25/06/6658pzsxjl.jpeg?AWSAccessKeyId=AKIAWYYRKM2QFT2QVQH3&Expires=1765448551&Signature=EXG3rx7PatgXdnnVujKzVS3GFPc%3D,,https://d2g2orozxij1wh.cloudfront.net/13-09-25/d8182cd5/5093142_2.tif
RY-34323-43894-F1,5167191_1,GRADUA_STOLE_03,5x78 in - Pointed,,https://merchize-artworks.s3.us-west-1.amazonaws.com/80e9xlr/artworks/687e0ca28833e2a10c612c35/25/07/se10wycw27.png?AWSAccessKeyId=AKIAWYYRKM2QFT2QVQH3&Expires=1765446662&Signature=EkOnURReCwC3WBfmX2%2B7txXF84g%3D,,https://d2g2orozxij1wh.cloudfront.net/13-09-25/fb1dfcb6/5167191_1.tif
RZ-62438-65896-F1,5230493_1,HAWAII_33,2XL,,https://merchize-artworks.s3.us-west-1.amazonaws.com/o6ah6j6/artworks/68a7c4358f35e62318a2dc05/order-items/68a7c4368f35e61c40a2dc64/25/08/sd11xqd9sm.png?AWSAccessKeyId=AKIAWYYRKM2QFT2QVQH3&Expires=1765444816&Signature=yMczdL30KXCiyZfg%2FITgxRGKSzg%3D,,https://d2g2orozxij1wh.cloudfront.net/13-09-25/9ed2158e/5230493_1.tif
RG-47234-78927-F1,4940371_1,HAWAII_CT_34,L,HYPER,https://merchize-artworks.s3.us-west-1.amazonaws.com/f4orzh8/artworks/67ea58d888be47e6927272ae/order-items/67f2eb48a13da2e83669835e/25/04/6dj8rhdpy55.png?AWSAccessKeyId=AKIAWYYRKM2QFT2QVQH3&Expires=1765449370&Signature=k%2BDS%2Fkcq9cJA89KadxM50r2jr5s%3D,,https://d2g2orozxij1wh.cloudfront.net/13-09-25/7adad433/4940371_1.tif
RN-82873-43489-F1,5217080_1,HD_18,XL,,https://merchize-artworks.s3.us-west-1.amazonaws.com/e34qw75/artworks/67d133ef2f0184d0fa4f1823/25/03/v6wp4tnh5z.jpeg?AWSAccessKeyId=AKIAWYYRKM2QFT2QVQH3&Expires=1765444141&Signature=1ITXeTgNAp%2Bm%2FotJzRKAhm%2B7sPs%3D,,https://d2g2orozxij1wh.cloudfront.net/13-09-25/b27ec1a3/5217080_1.tif
RG-79272-56698-F1,5234786_1,HD_18,XL,,https://merchize-artworks.s3.us-west-1.amazonaws.com/e34qw75/artworks/684d1c2bb0b47a98fed83491/25/06/2icx765ges.jpeg?AWSAccessKeyId=AKIAWYYRKM2QFT2QVQH3&Expires=1765444309&Signature=mjZHT2xJh13DkwnjKwOArmmSb1U%3D,,https://d2g2orozxij1wh.cloudfront.net/13-09-25/33bada5e/5234786_1.tif
RY-57256-36775-F1,5241185_3,JERS_04,5XL,,https://merchize-artworks.s3.us-west-1.amazonaws.com/5mwlab0/artworks/68aeaf119cc37a81f04bb9e4/order-items/68aeaf1a9cc37a694c4bbb61/25/08/e3xy5aipfa.png?AWSAccessKeyId=AKIAWYYRKM2QFT2QVQH3&Expires=1765443838&Signature=hq3vxyT%2BAWugmlsRDD%2BQYCxqy50%3D,,https://d2g2orozxij1wh.cloudfront.net/13-09-25/3cba4fee/5241185_3.tif
RN-92378-66859-F1,5120068_1,JERS_04,L,,https://merchize-artworks.s3.us-west-1.amazonaws.com/tg4a8b0/artworks/685500bf9d3ec31d8714ab14/attributes/25/06/8cde64aa2df14caa87912ca4106d9021-7c455b43-7beb-4b63-b95c-5c3a7af70e31.png.png?AWSAccessKeyId=AKIAWYYRKM2QFT2QVQH3&Expires=1765447229&Signature=R6QTWQatKQUo%2BsxwDTETzTRA1OQ%3D,,https://d2g2orozxij1wh.cloudfront.net/13-09-25/d48361a7/5120068_1.tif
RY-48332-92848-F1,5232578_1,JERS_04,M,,https://merchize-artworks.s3.us-west-1.amazonaws.com/om22zx1/artworks/68a473daf5c95b0eb7c369b4/order-items/68a473dcf5c95b2bc3c369d2/25/08/qssac18y17i.png?AWSAccessKeyId=AKIAWYYRKM2QFT2QVQH3&Expires=1765444467&Signature=Pf7%2BZ2mYlKyQmdHxaw0qTOsma7E%3D,,https://d2g2orozxij1wh.cloudfront.net/13-09-25/510109d5/5232578_1.tif
RD-72382-39244-F1,5181297_1,JERS_04,M,,https://merchize-artworks.s3.us-west-1.amazonaws.com/bfryl6g/artworks/6887655c3755f20c5ce88b2c/25/07/36nc61jjea.jpeg?AWSAccessKeyId=AKIAWYYRKM2QFT2QVQH3&Expires=1765446392&Signature=iVFbPhnE0ajVTJjnwiPB3CxsOMk%3D,,https://d2g2orozxij1wh.cloudfront.net/13-09-25/e1a9c594/5181297_1.tif
RG-29632-77394-F1,5217453_1,JERS_04,S,,https://merchize-artworks.s3.us-west-1.amazonaws.com/x2taavo/artworks/68995d12b6624a1c5cb9d0fd/order-items/68995d13b6624a46f2b9d13c/25/08/ztx943em68o.png?AWSAccessKeyId=AKIAWYYRKM2QFT2QVQH3&Expires=1765445471&Signature=1gXO9qGvcmhbTBD5CMSnARYXIhc%3D,,https://d2g2orozxij1wh.cloudfront.net/13-09-25/5c7726cc/5217453_1.tif
RQ-92728-92627-F1,5054000_2,JERS_04,S,,https://merchize-artworks.s3.us-west-1.amazonaws.com/zoicy1l/artworks/6836d192454a88f13ce60d8a/25/05/iubeg8qikg.jpeg?AWSAccessKeyId=AKIAWYYRKM2QFT2QVQH3&Expires=1765449217&Signature=R8NzUEum6nfRlmVb3N05v%2FXIIlI%3D,,https://d2g2orozxij1wh.cloudfront.net/13-09-25/f0b7c51f/5054000_2.tif
RJ-87283-97434-F1,5205050_3,JERS_04,XL,,https://merchize-artworks.s3.us-west-1.amazonaws.com/qejw754/artworks/6896df308cd04e8f4450348f/25/08/h1977vfo33.jpeg?AWSAccessKeyId=AKIAWYYRKM2QFT2QVQH3&Expires=1765446163&Signature=448ajiMDWoHYb3GMCuVPQ%2FGqbUw%3D,,https://d2g2orozxij1wh.cloudfront.net/13-09-25/8bd06e12/5205050_3.tif
RE-45552-32353-F1,5192870_1,JERS_04,XL,,https://merchize-artworks.s3.us-west-1.amazonaws.com/qpc7b8e/artworks/68901fb348557c0b49c920a4/25/08/1754275764931-7381262f-1f8f-4923-955c-0538ce248793.png?AWSAccessKeyId=AKIAWYYRKM2QFT2QVQH3&Expires=1765446234&Signature=NjP3pnepPYwg9SQ6gGlxABd8qQI%3D,,https://d2g2orozxij1wh.cloudfront.net/13-09-25/7e9378e7/5192870_1.tif
RR-83476-45833-F1,5124948_1,JERS_04,XL,AMAZING,https://merchize-artworks.s3.us-west-1.amazonaws.com/0687dnt/artworks/6862414eb3271b3fbe8c8708/25/06/c7goh40ykl.jpeg?AWSAccessKeyId=AKIAWYYRKM2QFT2QVQH3&Expires=1765447432&Signature=02gg8iX%2BskU8Ae%2FkRspb4z8Czb8%3D,,https://d2g2orozxij1wh.cloudfront.net/13-09-25/c92a60de/5124948_1.tif
RZ-67378-89739-F1,5059805_2,JERS_04,XL,,https://merchize-artworks.s3.us-west-1.amazonaws.com/3zswxe2/artworks/6838b6f3c81b4b5bb8705ae0/order-items/6838b6f7c81b4b8ba7705b13/25/05/ojdbceyye2.png?AWSAccessKeyId=AKIAWYYRKM2QFT2QVQH3&Expires=1765449000&Signature=%2BbZ9sKd6yHc7c9aU6Y6%2Fsk%2Be7SY%3D,,https://d2g2orozxij1wh.cloudfront.net/13-09-25/a1d84d8e/5059805_2.tif
RY-55776-93955-F1,5003084_1,JERS_SHORTS_17,S,,https://merchize-artworks.s3.us-west-1.amazonaws.com/dyfeenf/artworks/6819522fc5703528fc073adf/25/05/1746513015962-6da10706-c1ae-4b79-98e5-7fb295048bbf.png?AWSAccessKeyId=AKIAWYYRKM2QFT2QVQH3&Expires=1765449614&Signature=qRVk80KU2gasqZF%2Bn%2F%2FS5F41kF8%3D,,https://d2g2orozxij1wh.cloudfront.net/13-09-25/aace145f/5003084_1.tif
RA-46373-78556-F1,4987498_1,JERS_TANK_17,S,,https://merchize-artworks.s3.us-west-1.amazonaws.com/967mp52/artworks/68137a9f2a50855fede38eb8/25/05/angb8oouzn.jpeg?AWSAccessKeyId=AKIAWYYRKM2QFT2QVQH3&Expires=1765449432&Signature=FRf%2BslsLsfirHtTNWLER%2BIWq6Jo%3D,,https://d2g2orozxij1wh.cloudfront.net/13-09-25/1b98a92a/4987498_1.tif
RM-75929-43643-F1,5244624_1,JERS_V2_04,L,,https://merchize-artworks.s3.us-west-1.amazonaws.com/gunluv3/artworks/68afafc302bb6b2724436dfd/order-items/68afafc402bb6bf79d436e17/25/08/779366025cfe4eb4ac3b36837e5e80d2-front.png?AWSAccessKeyId=AKIAWYYRKM2QFT2QVQH3&Expires=1765444064&Signature=5%2BfKczgtF3PGE43zuPgzpMPhhFg%3D,,https://d2g2orozxij1wh.cloudfront.net/13-09-25/c920c016/5244624_1.tif
RR-74632-99964-F1,5034627_1,JERS_V2_04,L,,https://merchize-artworks.s3.us-west-1.amazonaws.com/snis4ad/artworks/64ab0dac87298dd2448082c2/order-items/682a444d6f0fcaf4ec36ea65/25/05/jr71ehjkydd.png?AWSAccessKeyId=AKIAWYYRKM2QFT2QVQH3&Expires=1765449534&Signature=MpJaE6qZIwBlylw8cS9JXmlj5x8%3D,,https://d2g2orozxij1wh.cloudfront.net/13-09-25/a37b4b0e/5034627_1.tif
RB-96237-99427-F1,5127250_1,JERS_V2_04,S,,https://merchize-artworks.s3.us-west-1.amazonaws.com/o6ah6j6/artworks/68637829031fc7831c4e99d5/25/07/g420p4yvyf.jpeg?AWSAccessKeyId=AKIAWYYRKM2QFT2QVQH3&Expires=1765447356&Signature=iaRG2opGhYYE5VMwqC9ubkBYDNY%3D,,https://d2g2orozxij1wh.cloudfront.net/13-09-25/3c7e9891/5127250_1.tif
RQ-29662-72384-F1,4989602_1,JERS_V2_04,S,,https://merchize-artworks.s3.us-west-1.amazonaws.com/qc3imt3/artworks/681447d5b6a5339c2d24fbef/25/05/3zthpmkj10.jpeg?AWSAccessKeyId=AKIAWYYRKM2QFT2QVQH3&Expires=1765449317&Signature=x4NRp5t4%2FgH28%2FhfOdc3%2B1w%2FWok%3D,,https://d2g2orozxij1wh.cloudfront.net/13-09-25/2d62c021/4989602_1.tif
RY-77658-45689-F1,5211792_1,JERS_V3_04,2XL,,https://merchize-artworks.s3.us-west-1.amazonaws.com/bbdh522/artworks/68520bc3ed2cc259c1c1aa05/order-items/689af3eb3c491f262f12e6ba/25/08/tjry6b827ki.png?AWSAccessKeyId=AKIAWYYRKM2QFT2QVQH3&Expires=1765445508&Signature=kuFtEQNfhMMjiCdhV3snk8X7KSs%3D,,https://d2g2orozxij1wh.cloudfront.net/13-09-25/80c10ba7/5211792_1.tif
RV-68428-55286-F1,5203268_6,JERS_V3_04,M,,https://merchize-artworks.s3.us-west-1.amazonaws.com/9a49ncg/artworks/6895a09fc4efca4fbe277869/25/08/2sxglef9jw.jpeg?AWSAccessKeyId=AKIAWYYRKM2QFT2QVQH3&Expires=1765445657&Signature=wPn4HyEI5CHk9NEeDl2sy7KxQAc%3D,,https://d2g2orozxij1wh.cloudfront.net/13-09-25/e3b3894b/5203268_6.tif
RW-32475-56669-F1,5134725_1,KID_YO_JERS_04,12M,,https://merchize-artworks.s3.us-west-1.amazonaws.com/qejw754/artworks/6867b8260980e4fa2b5ef72f/25/07/rnvzzs7kul.png?AWSAccessKeyId=AKIAWYYRKM2QFT2QVQH3&Expires=1765447149&Signature=3G0Q8%2F6hKjVCMP1Z1m%2FtFOlS0wU%3D,,https://d2g2orozxij1wh.cloudfront.net/13-09-25/2bb8c4f3/5134725_1.tif
RN-46425-58924-F1,5130350_1,KID_YO_JERS_04,2T,,https://merchize-artworks.s3.us-west-1.amazonaws.com/bfryl6g/artworks/6864a4a24c9e7e214cd6b1a2/25/07/76rptlf1zk.jpeg?AWSAccessKeyId=AKIAWYYRKM2QFT2QVQH3&Expires=1765447327&Signature=lQikfCL898dVHQVneDAZkHJaeP8%3D,,https://d2g2orozxij1wh.cloudfront.net/13-09-25/9c0ebc56/5130350_1.tif
RZ-65693-29333-F1,5043151_1,KID_YO_JERS_04,3T,,https://merchize-artworks.s3.us-west-1.amazonaws.com/zoicy1l/artworks/68303a5e892fb4b2602d7161/25/05/aumhjwue8y.jpeg?AWSAccessKeyId=AKIAWYYRKM2QFT2QVQH3&Expires=1765449486&Signature=6wAMWH%2FdXDy9k3QUKsZOvJYf8Ow%3D,,https://d2g2orozxij1wh.cloudfront.net/13-09-25/507b0515/5043151_1.tif
RQ-92728-92627-F1,5054000_1,KID_YO_JERS_04,YM,,https://merchize-artworks.s3.us-west-1.amazonaws.com/zoicy1l/artworks/6836d187454a88d9f1e60d6e/25/05/7vdgtze0c3.jpeg?AWSAccessKeyId=AKIAWYYRKM2QFT2QVQH3&Expires=1765449217&Signature=xgCwZpm%2BtAuzM7b8mZIh%2F53yKKc%3D,,https://d2g2orozxij1wh.cloudfront.net/13-09-25/6d0696c6/5054000_1.tif
RP-32597-54433-F1,5097800_1,KID_YO_JERS_V2_04,12M,,https://merchize-artworks.s3.us-west-1.amazonaws.com/zlk0ggs/artworks/684fdb2862b91b37cfa8d0ef/25/06/1to5gtu8lb.jpeg?AWSAccessKeyId=AKIAWYYRKM2QFT2QVQH3&Expires=1765448299&Signature=NDb%2BXKpnyOEg1F2Ci2Ff0jwy7Yg%3D,,https://d2g2orozxij1wh.cloudfront.net/13-09-25/bdbfde80/5097800_1.tif
RA-58787-37892-F1,5089600_1,KID_YO_JERS_V2_04,12M,,https://merchize-artworks.s3.us-west-1.amazonaws.com/won6y9u/artworks/684a2e813c7bff8645cf1034/25/06/y99kt43kss.jpeg?AWSAccessKeyId=AKIAWYYRKM2QFT2QVQH3&Expires=1765448362&Signature=Dti3wXTbrh08OYG2hOlgIPcCM%2FM%3D,,https://d2g2orozxij1wh.cloudfront.net/13-09-25/e9e9cb48/5089600_1.tif
RE-65288-87936-F1,4997830_1,KID_YO_JERS_V2_04,2T,,https://merchize-artworks.s3.us-west-1.amazonaws.com/taodjxb/artworks/681898ba2d6f0f5a9844b721/25/05/cvibwafdne.jpeg?AWSAccessKeyId=AKIAWYYRKM2QFT2QVQH3&Expires=1765449556&Signature=82P2uJN1Z%2F5dA%2BEAUjpVKfG5ZEQ%3D,,https://d2g2orozxij1wh.cloudfront.net/13-09-25/f2b49a6f/4997830_1.tif
RB-42524-35384-F1,5160750_1,KY_JER_SHORTS_17,3T,,https://merchize-artworks.s3.us-west-1.amazonaws.com/zlk0ggs/artworks/6879f2471a184a502ecc2921/25/07/83bn3101qj.jpeg?AWSAccessKeyId=AKIAWYYRKM2QFT2QVQH3&Expires=1765446619&Signature=F9k7rHoXJjtwdXrMInOtBAwR7Qo%3D,,https://d2g2orozxij1wh.cloudfront.net/14-09-25/983af278/5160750_1.tif
RV-84277-58963-F1,5219030_1,LO_SLE_02,2XL,,https://merchize-artworks.s3.us-west-1.amazonaws.com/vssvfn1/artworks/689ff667f5c95b2f59bf042b/25/08/xgzkze047l.jpeg?AWSAccessKeyId=AKIAWYYRKM2QFT2QVQH3&Expires=1765445410&Signature=mqhHndmB0WfjbKen4wm0YSAeI%2FU%3D,,https://d2g2orozxij1wh.cloudfront.net/14-09-25/571bf744/5219030_1.tif
RW-87824-69979-F1,5152405_1,PANTS_PAJA_25,3XL,,https://merchize-artworks.s3.us-west-1.amazonaws.com/1azbm8v/artworks/68746b4511f7d35c88aaa5d4/25/07/1752460103669-a12ac591-99a5-4a56-b344-6bf0e3f52a3a.png?AWSAccessKeyId=AKIAWYYRKM2QFT2QVQH3&Expires=1765446462&Signature=uo%2F%2Fgr73iHdY%2BNsy6UbziRuE9ss%3D,,https://d2g2orozxij1wh.cloudfront.net/14-09-25/e1544f69/5152405_1.tif
RE-36258-85597-F1,5140801_1,POLO_17,L,,https://merchize-artworks.s3.us-west-1.amazonaws.com/pgwrjo0/artworks/6853456b03cf144ffca7be41/order-items/686b6ad367d8087b97438336/25/07/jvvqqg0fmd.png?AWSAccessKeyId=AKIAWYYRKM2QFT2QVQH3&Expires=1765447188&Signature=cASwh4xdnwya1HNaPNUvAqgZ9JU%3D,,https://d2g2orozxij1wh.cloudfront.net/14-09-25/f2daac57/5140801_1.tif
RN-86837-88692-F1,5038348_1,POLO_17,L,,https://merchize-artworks.s3.us-west-1.amazonaws.com/4bjje4i/artworks/6828a21ac13a68b8cfaba164/order-items/682cbaef6f335fc840e4513f/25/05/qb1caia5nqi.png?AWSAccessKeyId=AKIAWYYRKM2QFT2QVQH3&Expires=1765449241&Signature=HbMIUFvJZqoNmVvEcALbBKumbUU%3D,,https://d2g2orozxij1wh.cloudfront.net/14-09-25/687c2bee/5038348_1.tif
RG-27937-97753-F1,5186668_1,POLO_17,S,,https://merchize-artworks.s3.us-west-1.amazonaws.com/9o0fzs6/artworks/67ca0db3cd8ffa5b79bf1f82/attributes/25/03/1742269010757-f96782a4-37ac-44a3-9bc0-311c2a98ce60.png?AWSAccessKeyId=AKIAWYYRKM2QFT2QVQH3&Expires=1765446349&Signature=CAJCxDrUXHzL8068rLvki9Py7BU%3D,,https://d2g2orozxij1wh.cloudfront.net/14-09-25/b51258c8/5186668_1.tif
RR-64989-53387-F1,5118789_4,POLO_17,XL,,https://merchize-artworks.s3.us-west-1.amazonaws.com/vssvfn1/artworks/685d18a40b96e4e2ece4b924/25/06/22gk8ibapd.jpeg?AWSAccessKeyId=AKIAWYYRKM2QFT2QVQH3&Expires=1765447494&Signature=q6jx1GNPNKbCoflSZ23KBkUTwrA%3D,,https://d2g2orozxij1wh.cloudfront.net/14-09-25/782894fc/5118789_4.tif
RZ-65673-33767-F1,5088312_1,POLO_17,XL,,https://merchize-artworks.s3.us-west-1.amazonaws.com/1uxa7nq/artworks/68483a787927efddebbeb26c/25/06/1749564026998-26d7e79b-1d53-4160-8efb-06bcefc3c3df.png?AWSAccessKeyId=AKIAWYYRKM2QFT2QVQH3&Expires=1765448512&Signature=sn2xbZRU%2BFZ%2FvWJSAvIOW019ky8%3D,,https://d2g2orozxij1wh.cloudfront.net/14-09-25/cf35977c/5088312_1.tif
RN-36268-49765-F1,4982589_1,PR_HD_19,XL,,https://merchize-artworks.s3.us-west-1.amazonaws.com/7njrrti/artworks/6810381d361a732fa131b707/25/04/mv1lnclhb9.jpeg?AWSAccessKeyId=AKIAWYYRKM2QFT2QVQH3&Expires=1765449790&Signature=sodHvZ5%2FdCGWqqD5uomxKYDgcbA%3D,,https://d2g2orozxij1wh.cloudfront.net/13-09-25/5d378749/4982589_1.tif
RN-68236-78338-F1,5046910_2,PR_POLO_24,L,,https://merchize-artworks.s3.us-west-1.amazonaws.com/yy7xgcm/artworks/6833d6ec04af67b34957de4a/25/05/m535fyacpz.jpeg?AWSAccessKeyId=AKIAWYYRKM2QFT2QVQH3&Expires=1765449046&Signature=Rtq%2BTen5ZkOvSnG%2BbedVmJXqdnc%3D,,https://d2g2orozxij1wh.cloudfront.net/14-09-25/0bc87aa7/5046910_2.tif
RN-68236-78338-F1,5046910_1,PR_POLO_24,XL,,https://merchize-artworks.s3.us-west-1.amazonaws.com/yy7xgcm/artworks/6833d6e504af67398e57de2e/25/05/uw5n852w5x.jpeg?AWSAccessKeyId=AKIAWYYRKM2QFT2QVQH3&Expires=1765449046&Signature=KI5%2F8%2B6BdYhEMNYVHJKYFypXltg%3D,,https://d2g2orozxij1wh.cloudfront.net/14-09-25/13af399f/5046910_1.tif
RN-48339-52574-F1,5031383_1,PR_QUILT_36,70x80 GAP VIEN,,https://merchize-artworks.s3.us-west-1.amazonaws.com/g15h3yw/artworks/651a2d97b07a27d8b9d5300d/order-items/682828415e4a678082d26dfb/25/05/h1q1bfzm9k8.png?AWSAccessKeyId=AKIAWYYRKM2QFT2QVQH3&Expires=1765449658&Signature=913E4XNVRzUra%2FI7BD1Ucak6Rlw%3D,,https://d2g2orozxij1wh.cloudfront.net/14-09-25/e6e60cbf/5031383_1.tif
RD-76582-72332-F1,5211095_1,PR_SWEATER_14,2XL,,https://merchize-artworks.s3.us-west-1.amazonaws.com/zoicy1l/artworks/689b03720470eed47f212aba/25/08/5agjmwltce.jpeg?AWSAccessKeyId=AKIAWYYRKM2QFT2QVQH3&Expires=1765445239&Signature=fCH6vFr8x3eXaxePVVoI%2Ff%2BSCco%3D,,https://d2g2orozxij1wh.cloudfront.net/14-09-25/3d5ea6df/5211095_1.tif
RZ-83579-66589-F1,5204817_3,PR_ZIP_HD_19,XL,,https://merchize-artworks.s3.us-west-1.amazonaws.com/dyfeenf/artworks/67280fae5418e69f53cf3837/24/11/1730726116572-9b191e52-3ee5-4551-bec5-f3efd03b6d91.png?AWSAccessKeyId=AKIAWYYRKM2QFT2QVQH3&Expires=1765444944&Signature=W3nBl0c2t7XpIzyAVGp7NLXB15g%3D,,https://d2g2orozxij1wh.cloudfront.net/14-09-25/1a741e22/5204817_3.tif
RG-42972-67336-F4,5214036_1,QUILT_5OZ_SET_36,80x90 GAP VIEN,,https://merchize-artworks.s3.us-west-1.amazonaws.com/g15h3yw/artworks/66c2728382891c592d3866d5/order-items/689bec5b96681f288cce5f0e/25/08/x5px33gpugs.png?AWSAccessKeyId=AKIAWYYRKM2QFT2QVQH3&Expires=1765445749&Signature=PXjTTT9MQ1I8psuRyGXddV4p08g%3D,,https://d2g2orozxij1wh.cloudfront.net/14-09-25/2e5d1653/5214036_1.tif
RM-86839-24597-F1,5124215_1,RASH_GUARD_06,XL,ANIME,https://merchize-artworks.s3.us-west-1.amazonaws.com/dyfeenf/artworks/67e399142b81d332c782d21e/25/04/1744193651382-b187a430-7bca-43f2-8b3c-e7dc924a6ebb.png?AWSAccessKeyId=AKIAWYYRKM2QFT2QVQH3&Expires=1765447561&Signature=OoZaz9eJoj28GP2biJU%2FNTpUPVw%3D,,https://d2g2orozxij1wh.cloudfront.net/14-09-25/9abdea30/5124215_1.tif
RN-52236-72247-F1,5104306_2,SE_SOCCER_JER_17,M,,https://merchize-artworks.s3.us-west-1.amazonaws.com/9a49ncg/artworks/6853779903cf14cf42a81302/25/06/pljuttd6fq.jpeg?AWSAccessKeyId=AKIAWYYRKM2QFT2QVQH3&Expires=1765447731&Signature=CQxws3vw8hNEKB7nQq9uyIGt5Ro%3D,,https://d2g2orozxij1wh.cloudfront.net/14-09-25/d66deefa/5104306_2.tif
RP-36372-22292-F1,5072790_1,SE_YO_SOC_JER_17,YM,,https://merchize-artworks.s3.us-west-1.amazonaws.com/9a49ncg/artworks/6840f624d86124fa097d4aad/25/06/y1rzxjy3hx.jpeg?AWSAccessKeyId=AKIAWYYRKM2QFT2QVQH3&Expires=1765448682&Signature=F3QrHHMBKyOxk%2F%2BzfY6z9Z9bTqg%3D,,https://d2g2orozxij1wh.cloudfront.net/14-09-25/5abc2693/5072790_1.tif
RP-83494-53896-F1,5147454_1,SEAT_COVER_08,One size,,https://merchize-artworks.s3.us-west-1.amazonaws.com/pptxq6v/artworks/686f50bf088c4f6536d94e67/order-items/686f50c1088c4f4e6ed94ef8/25/07/qoeq477tbdh.png?AWSAccessKeyId=AKIAWYYRKM2QFT2QVQH3&Expires=1765446970&Signature=vb8BqHnvX8orrf7WFR1m3bK6GrE%3D,,https://d2g2orozxij1wh.cloudfront.net/14-09-25/deaad5c1/5147454_1.tif
RN-65594-23975-F1,5140112_2,SH_RASH_GUARD_06,S,,https://merchize-artworks.s3.us-west-1.amazonaws.com/dyfeenf/artworks/670aba50e1c45fab1ba39415/24/10/1728906605212-02f63846-93a0-4952-9dcc-a71d25aa9a56.png?AWSAccessKeyId=AKIAWYYRKM2QFT2QVQH3&Expires=1765447015&Signature=DCDHGChJnOFaO6tEgUITKR8JiBI%3D,,https://d2g2orozxij1wh.cloudfront.net/14-09-25/1e8c12af/5140112_2.tif
RJ-69778-32554-F1,5149925_1,SHORTS_33,L,ANIME 3,https://merchize-artworks.s3.us-west-1.amazonaws.com/dyfeenf/artworks/66c8269525215cba752815c2/24/08/1724403973815-24664c03-17d1-402a-8fab-508e60f9b9dc.png?AWSAccessKeyId=AKIAWYYRKM2QFT2QVQH3&Expires=1765446923&Signature=beno4s3PmTVXLvUlh4jRpc91xEw%3D,,https://d2g2orozxij1wh.cloudfront.net/14-09-25/9cb2feea/5149925_1.tif
RG-78535-54768-F1,5072875_1,ST_ULY_PETPIL_16,20x20,,https://merchize-artworks.s3.us-west-1.amazonaws.com/ikdktsi/artworks/683f47ea3fc896f3157f35de/order-items/683f47eb3fc896f9217f361e/25/06/09rgdcddpb7x.png?AWSAccessKeyId=AKIAWYYRKM2QFT2QVQH3&Expires=1765448896&Signature=TMSMRaVwpA0Q1rJz7Pazm%2BxVDTs%3D,https://merchize-artworks.s3.us-west-1.amazonaws.com/ikdktsi/artworks/683f47ea3fc896f3157f35de/order-items/683f47eb3fc896f9217f361e/25/06/drhv7ppi2o.png?AWSAccessKeyId=AKIAWYYRKM2QFT2QVQH3&Expires=1765448896&Signature=gIqnD5L9O%2BjU0Bw0V9g85TqOCnw%3D,https://d2g2orozxij1wh.cloudfront.net/14-09-25/8fad4ad4/5072875_1.tif
RP-87664-88686-F1,5093997_1,STRING_BIKINI_06,S,,https://merchize-artworks.s3.us-west-1.amazonaws.com/ot5s8sj/artworks/684a48a381ba302e229db863/25/06/1749699287839-696e8247-1130-4a43-abf2-81c2654cb5cc.png?AWSAccessKeyId=AKIAWYYRKM2QFT2QVQH3&Expires=1765448256&Signature=lwj7R1l8%2F3AwTi6bVR6%2BXy1jrxg%3D,,https://d2g2orozxij1wh.cloudfront.net/14-09-25/c395554d/5093997_1.tif
RQ-78386-42883-F1,5082442_2,STRING_BIKINI_06,S,,https://merchize-artworks.s3.us-west-1.amazonaws.com/u5wdeg6/artworks/68464dd5ea661d52271bd774/25/06/dzdmqpc3gd.jpeg?AWSAccessKeyId=AKIAWYYRKM2QFT2QVQH3&Expires=1765448746&Signature=Lsjp1F4mdmmSyNeY29ZE3SD2yyA%3D,,https://d2g2orozxij1wh.cloudfront.net/14-09-25/fc548fa7/5082442_2.tif
RY-56783-37547-F1,4985406_1,SW_18,5XL,,https://merchize-artworks.s3.us-west-1.amazonaws.com/7njrrti/artworks/6809edc63959d449843df11c/25/04/m6hglr51eo.jpeg?AWSAccessKeyId=AKIAWYYRKM2QFT2QVQH3&Expires=1765478336&Signature=XNPA5jcHLshsKQpnfmumtHxU%2BKI%3D,,https://d2g2orozxij1wh.cloudfront.net/14-09-25/00863f00/4985406_1.tif
RN-66894-54555-F1,5103117_1,SW_18,XL,,https://merchize-artworks.s3.us-west-1.amazonaws.com/zoicy1l/artworks/685280bc5467675b30c6aeb7/25/06/2uzzcqt4j6.jpeg?AWSAccessKeyId=AKIAWYYRKM2QFT2QVQH3&Expires=1765448187&Signature=kyxGiZYSQzVQbpkUFZZdydtHq0k%3D,,https://d2g2orozxij1wh.cloudfront.net/14-09-25/f8fdbab2/5103117_1.tif
RK-26845-34524-F1,4994292_2,SWEATPANTS_19,S,ANIME 3,https://merchize-artworks.s3.us-west-1.amazonaws.com/dyfeenf/artworks/660bcc98685325bc9bdd1274/24/04/1712123022929-dec07714-d52b-4619-a26b-f0838ebb3fab.png?AWSAccessKeyId=AKIAWYYRKM2QFT2QVQH3&Expires=1765449678&Signature=r12iZtMfVC6x3aLkL6Px8%2FHN%2BuM%3D,,https://d2g2orozxij1wh.cloudfront.net/14-09-25/01598983/4994292_2.tif
RY-95698-34796-F1,5186128_1,TIRE_COVER_20,28-in,,https://merchize-artworks.s3.us-west-1.amazonaws.com/1gu4fet/artworks/688aa43052799123dcbe2ace/order-items/688aa4315279916731be2aea/25/07/maon50yxwbs.png?AWSAccessKeyId=AKIAWYYRKM2QFT2QVQH3&Expires=1765445061&Signature=%2FtQNDNGeiOQyfipLN%2BPuzDY1iVA%3D,,https://d2g2orozxij1wh.cloudfront.net/14-09-25/78ebf001/5186128_1.tif
RZ-68634-68455-F1,5200453_1,TSHIRT_02,3XL,,https://merchize-artworks.s3.us-west-1.amazonaws.com/1h7eqlo/artworks/6892c2ccddf636f7aef3fe52/order-items/6892c2cdddf6361816f3fe6e/25/08/fe0zqk86tvo.png?AWSAccessKeyId=AKIAWYYRKM2QFT2QVQH3&Expires=1765445797&Signature=MFyq97o9Iy3HuPq3O461kdr0%2F%2Fk%3D,,https://d2g2orozxij1wh.cloudfront.net/14-09-25/9c0d9285/5200453_1.tif
RE-95436-39239-F1,5218574_1,TSHIRT_02,L,,https://merchize-artworks.s3.us-west-1.amazonaws.com/967mp52/artworks/68a00bc2db7ada378d8bcd38/25/08/hqo18wz4mc.jpeg?AWSAccessKeyId=AKIAWYYRKM2QFT2QVQH3&Expires=1765443990&Signature=tBF5d5l6NkD02OMbIFYZKajWFEc%3D,,https://d2g2orozxij1wh.cloudfront.net/14-09-25/5c6cd08d/5218574_1.tif
RD-46733-48424-F1,5244990_1,TSHIRT_02,L,,https://merchize-artworks.s3.us-west-1.amazonaws.com/m9px3ic/artworks/68aeae5dd13f7e32cd76775d/25/08/295stpjzm2.jpeg?AWSAccessKeyId=AKIAWYYRKM2QFT2QVQH3&Expires=1765445134&Signature=yJpkvCItCBU6XlxhPqp5fXROTEQ%3D,,https://d2g2orozxij1wh.cloudfront.net/14-09-25/60a02377/5244990_1.tif
RJ-78528-92424-F1,5190004_1,TSHIRT_02,L,,https://merchize-artworks.s3.us-west-1.amazonaws.com/kugu3lc/artworks/688d165d216f3e019ee5f753/order-items/688d1661216f3e6cd1e5f778/25/08/cs662lxapzn.png?AWSAccessKeyId=AKIAWYYRKM2QFT2QVQH3&Expires=1765446111&Signature=2lEnvzMg8sVN2asWt3RZV5pmb9U%3D,,https://d2g2orozxij1wh.cloudfront.net/14-09-25/992fe132/5190004_1.tif
RN-33356-28462-F1,5070838_1,TSHIRT_02,L,,https://merchize-artworks.s3.us-west-1.amazonaws.com/pgwrjo0/artworks/66e0326ab37cbe4a07f0f340/order-items/683e5e65a5b1b797ce1ccf0c/25/06/bkadiyjvbar.png?AWSAccessKeyId=AKIAWYYRKM2QFT2QVQH3&Expires=1765448945&Signature=T6zy1bPDYORQ%2BDsj2m4WIyy9EDc%3D,,https://d2g2orozxij1wh.cloudfront.net/14-09-25/951de524/5070838_1.tif
RQ-25897-44454-F1,5050919_1,TSHIRT_02,L,,https://merchize-artworks.s3.us-west-1.amazonaws.com/7njrrti/artworks/6833e23d4a5e9400af02365f/25/05/qsz2lp2wlj.jpeg?AWSAccessKeyId=AKIAWYYRKM2QFT2QVQH3&Expires=1765449149&Signature=VDggRDvgWGABoCWFhMUexbl%2BWmw%3D,,https://d2g2orozxij1wh.cloudfront.net/14-09-25/cc1e0343/5050919_1.tif
RD-46733-48424-F1,5244990_3,TSHIRT_02,XL,,https://merchize-artworks.s3.us-west-1.amazonaws.com/m9px3ic/artworks/6892e022216f3e0f42ee406e/25/08/mevf8mn03q.jpeg?AWSAccessKeyId=AKIAWYYRKM2QFT2QVQH3&Expires=1765445134&Signature=Nh81JsTLi%2F7m3bq3GknPPVCxEdU%3D,,https://d2g2orozxij1wh.cloudfront.net/14-09-25/c842d14f/5244990_3.tif
RD-46733-48424-F1,5244990_2,TSHIRT_02,XL,,https://merchize-artworks.s3.us-west-1.amazonaws.com/m9px3ic/artworks/68aeae63d13f7e0c8b76782f/25/08/ubhqzt94nd.jpeg?AWSAccessKeyId=AKIAWYYRKM2QFT2QVQH3&Expires=1765445134&Signature=wmbCricj3w%2BfS5aATi5ZG1K8G58%3D,,https://d2g2orozxij1wh.cloudfront.net/14-09-25/8aef37b9/5244990_2.tif
RY-53546-24963-F1,5068640_1,TSHIRT_02,XL,,https://merchize-artworks.s3.us-west-1.amazonaws.com/zoicy1l/artworks/683eba2defbed004d35f4525/25/06/kazbxg5l6z.jpeg?AWSAccessKeyId=AKIAWYYRKM2QFT2QVQH3&Expires=1765448698&Signature=8UAx02xW%2Ft1tQTdW6gCYgvL4kgo%3D,,https://d2g2orozxij1wh.cloudfront.net/14-09-25/3f66c18e/5068640_1.tif
RX-89257-79978-F1,5053077_1,TSHIRT_02,XL,,https://merchize-artworks.s3.us-west-1.amazonaws.com/7njrrti/artworks/683680ff07944d6613900c2c/25/05/m6xtawwmcw.jpeg?AWSAccessKeyId=AKIAWYYRKM2QFT2QVQH3&Expires=1765449100&Signature=zlgOyRuKfF2cd1jXWwIWmE62OvA%3D,,https://d2g2orozxij1wh.cloudfront.net/14-09-25/252111c7/5053077_1.tif
RD-74244-97455-F1,5025021_1,V_JERS_17,L,,https://merchize-artworks.s3.us-west-1.amazonaws.com/5mwlab0/artworks/6826af88b3f430c1b500c755/25/05/3f523f48xp.jpeg?AWSAccessKeyId=AKIAWYYRKM2QFT2QVQH3&Expires=1765449713&Signature=B8A9tX%2BPpApwvc2KMcOvSNr2t80%3D,,https://d2g2orozxij1wh.cloudfront.net/14-09-25/33a605e0/5025021_1.tif
RX-92276-56889-F1,5179147_1,V_JERS_17,S,,https://merchize-artworks.s3.us-west-1.amazonaws.com/5mwlab0/artworks/6883095ace95696d2a05a33c/25/07/rnssu27sp8.jpeg?AWSAccessKeyId=AKIAWYYRKM2QFT2QVQH3&Expires=1765446305&Signature=5Pa4q8GXijuFXvVkZkCBSDzEB14%3D,,https://d2g2orozxij1wh.cloudfront.net/14-09-25/034a34b2/5179147_1.tif
RQ-37435-95652-F1,5155093_1,V_JERS_17,S,,https://merchize-artworks.s3.us-west-1.amazonaws.com/qc3imt3/artworks/68761ff48e4da109609c42d6/25/07/zykp0wl2ye.jpeg?AWSAccessKeyId=AKIAWYYRKM2QFT2QVQH3&Expires=1765446880&Signature=C%2B%2FpcMNyxRVLj9mcSObLHta7HW4%3D,,https://d2g2orozxij1wh.cloudfront.net/14-09-25/51a1355c/5155093_1.tif
RE-44489-85942-F1,5240122_1,V_JERS_17,XL,,https://merchize-artworks.s3.us-west-1.amazonaws.com/5mwlab0/artworks/68ae857a78dda12099abb5f4/order-items/68ae857e78dda13ef9abb64f/25/08/52tlxdosve2.png?AWSAccessKeyId=AKIAWYYRKM2QFT2QVQH3&Expires=1765469759&Signature=dDPmzE5JtZNDclSfsPg8PPISzRQ%3D,,https://d2g2orozxij1wh.cloudfront.net/14-09-25/4cdce82f/5240122_1.tif
RR-78856-97275-F1,5172746_1,V_JERS_17,XL,,https://merchize-artworks.s3.us-west-1.amazonaws.com/5mwlab0/artworks/6881e0cfee9b771a7f76ecf1/25/07/zshhv9fr4c.jpeg?AWSAccessKeyId=AKIAWYYRKM2QFT2QVQH3&Expires=1765446427&Signature=GIqAN0qLAFv8wVjIH1JyaaCTJnE%3D,,https://d2g2orozxij1wh.cloudfront.net/14-09-25/72071c6a/5172746_1.tif
RY-66768-69379-F1,5129672_1,V_JERS_17,XL,,https://merchize-artworks.s3.us-west-1.amazonaws.com/zlk0ggs/artworks/6864f23c301df8573fa4c4b9/25/07/tu6ho17oi8.jpeg?AWSAccessKeyId=AKIAWYYRKM2QFT2QVQH3&Expires=1765447593&Signature=hw2HbAo%2F1D1yfuK5KFuk9m5d49M%3D,,https://d2g2orozxij1wh.cloudfront.net/14-09-25/234bb235/5129672_1.tif
RB-57264-26246-F1,4935242_3,WH_JERS_04,L,,https://merchize-artworks.s3.us-west-1.amazonaws.com/dyfeenf/artworks/670c001b97f045415c7e0921/24/10/1728919558502-0bf80c15-51cb-46e8-9127-73fc814434a7.png?AWSAccessKeyId=AKIAWYYRKM2QFT2QVQH3&Expires=1765447771&Signature=tZ99B3c8hTsIPUlsBA6x3ZZJSCU%3D,,https://d2g2orozxij1wh.cloudfront.net/13-09-25/888767a1/4935242_3.tif
RJ-48574-72972-F1,5222698_1,WH_JERS_04,S,,https://merchize-artworks.s3.us-west-1.amazonaws.com/rdg4rt4/artworks/68a301e81143ebd1d75fa321/25/08/5oqli8khxq.png?AWSAccessKeyId=AKIAWYYRKM2QFT2QVQH3&Expires=1765444858&Signature=q3DLObQu9bQUVNAeew3TORyjPcQ%3D,,https://d2g2orozxij1wh.cloudfront.net/13-09-25/c903b6ad/5222698_1.tif
RM-62595-34463-F1,5200608_1,WH_JERS_04,XL,,https://merchize-artworks.s3.us-west-1.amazonaws.com/kugu3lc/artworks/6892ccbe331dc94c7047d39c/order-items/6892ccc4331dc976b847d3c1/25/08/6sweq2zfs2c.png?AWSAccessKeyId=AKIAWYYRKM2QFT2QVQH3&Expires=1765445572&Signature=%2FLDedvETXfYeoFveTAZLp1cqt5A%3D,,https://d2g2orozxij1wh.cloudfront.net/13-09-25/b8edb6ac/5200608_1.tif
RK-52235-49865-F1,5069343_1,WH_JERS_04,XL,ANIME 3,https://merchize-artworks.s3.us-west-1.amazonaws.com/dyfeenf/artworks/64d6796846fa604b45ca3381/order-items/683ce9cd0a9cd52b87100c78/25/06/iv55mvfgui9.png?AWSAccessKeyId=AKIAWYYRKM2QFT2QVQH3&Expires=1765448647&Signature=LXhdYp1gpz6EaCweAOxeyUEhSDc%3D,,https://d2g2orozxij1wh.cloudfront.net/13-09-25/5f694add/5069343_1.tif
RW-57453-73892-F1,5227302_1,WO_HAWAII_37,XL,GEEK,https://merchize-artworks.s3.us-west-1.amazonaws.com/uag1oi5/artworks/67cebbc8ad76c38ddaf26ce9/25/03/1741620545374-054f20f4-71d6-43c9-945a-c5591a9b165a.png?AWSAccessKeyId=AKIAWYYRKM2QFT2QVQH3&Expires=1765444249&Signature=WfAoa6bLlAYq5bDPcAySmMoeRP8%3D,,https://d2g2orozxij1wh.cloudfront.net/14-09-25/77547c3a/5227302_1.tif
RR-64989-53387-F1,5118789_2,WO_NO_SLE_PL_17,L,,https://merchize-artworks.s3.us-west-1.amazonaws.com/vssvfn1/artworks/685d18aa0b96e4ee50e4bae9/25/06/n8ta903xsc.jpeg?AWSAccessKeyId=AKIAWYYRKM2QFT2QVQH3&Expires=1765447494&Signature=wYNJbRiCuCHLSTX4tmS3EhqHMbg%3D,,https://d2g2orozxij1wh.cloudfront.net/14-09-25/2c483e56/5118789_2.tif
RB-99349-35756-F1,5134192_1,WOMEN_POLO_17,3XL,,https://merchize-artworks.s3.us-west-1.amazonaws.com/1uxa7nq/artworks/68650118a4a23f7dc4674c4f/25/07/1751449882313-8b0588c7-a35d-4af1-8c41-96a83dc0b993.png?AWSAccessKeyId=AKIAWYYRKM2QFT2QVQH3&Expires=1765447119&Signature=pMy9qUFxlMu6JxtduZbP0crH7Rk%3D,,https://d2g2orozxij1wh.cloudfront.net/14-09-25/ac8a2c02/5134192_1.tif
RR-59827-73247-F1,5085477_1,WOMEN_POLO_17,M,,https://merchize-artworks.s3.us-west-1.amazonaws.com/1uxa7nq/artworks/68418da85dd65300e011e82c/25/06/1749457216692-fefd21bc-92b6-4912-be0f-637fb18cacbf.png?AWSAccessKeyId=AKIAWYYRKM2QFT2QVQH3&Expires=1765448465&Signature=ATgQ7Ep9L6j9amUygAu%2FaZULp2E%3D,,https://d2g2orozxij1wh.cloudfront.net/14-09-25/17ac90fa/5085477_1.tif
RQ-43284-72822-F1,5076975_1,WOMEN_POLO_17,XL,,https://merchize-artworks.s3.us-west-1.amazonaws.com/c5wmizu/artworks/684149433d466ad68c9fb77f/order-items/684149453d466a38c79fb828/25/06/vkxcf4o2vvl.png?AWSAccessKeyId=AKIAWYYRKM2QFT2QVQH3&Expires=1765448833&Signature=ciLg7jFAKZq2KCYSW7jKiNzBuHs%3D,,https://d2g2orozxij1wh.cloudfront.net/14-09-25/058090de/5076975_1.tif
RJ-58749-88544-F1,5208121_6,YO_SOC_JER_17,YM,,https://merchize-artworks.s3.us-west-1.amazonaws.com/won6y9u/artworks/68999083ddf6364e68fb5cdb/25/08/oq318m6knh.jpeg?AWSAccessKeyId=AKIAWYYRKM2QFT2QVQH3&Expires=1765445311&Signature=NFkW%2BnxQpErbYf%2B74%2BBNqwRYnrM%3D,,https://d2g2orozxij1wh.cloudfront.net/14-09-25/9841c802/5208121_6.tif